url,date,weight,title
http://arxiv.org/abs/1907.03950v1,2019-07-09,102944,Learning by Abstraction: The Neural State Machine
http://arxiv.org/abs/1907.04064v1,2019-07-09,99177,Deep Probabilistic Modeling of Glioma Growth
http://arxiv.org/abs/1907.04312v1,2019-07-09,69021,Positional Normalization
http://arxiv.org/abs/1907.04135v1,2019-07-09,44480,The What-If Tool: Interactive Probing of Machine Learning Models
http://arxiv.org/abs/1907.03988v1,2019-07-09,38827,Improving Reverberant Speech Training Using Diffuse Acoustic Simulation
http://arxiv.org/abs/1907.03960v1,2019-07-09,33643,Learning from Thresholds: Fully Automated Classification of Tumor Infiltrating Lymphocytes for Multiple Cancer Types
http://arxiv.org/abs/1907.04155v1,2019-07-09,32691,Multivariate Time Series Imputation with Variational Autoencoders
http://arxiv.org/abs/1907.03922v1,2019-07-09,28222,Are deep ResNets provably better than linear predictors?
http://arxiv.org/abs/1907.04164v1,2019-07-09,24005,Which Algorithmic Choices Matter at Which Batch Sizes? Insights From a Noisy Quadratic Model
http://arxiv.org/abs/1907.03965v1,2019-07-09,20046,Sparse-to-Dense Hypercolumn Matching for Long-Term Visual Localization
http://arxiv.org/abs/1907.04081v1,2019-07-09,13859,A Robust Two-Sample Test for Time Series data
http://arxiv.org/abs/1907.04068v1,2019-07-09,13859,Conditional Independence Testing using Generative Adversarial Networks
http://arxiv.org/abs/1907.04233v1,2019-07-09,12869,Contextual One-Class Classification in Data Streams
http://arxiv.org/abs/1907.03954v1,2019-07-09,10041,Signet Ring Cell Detection With a Semi-supervised Learning Framework
http://arxiv.org/abs/1907.03989v1,2019-07-09,9943,"All Sparse PCA Models Are Wrong, But Some Are Useful. Part I: Computation of Scores, Residuals and Explained Variance"
http://arxiv.org/abs/1907.04048v1,2019-07-09,7769,Domain Adaptation in Multi-Channel Autoencoder based Features for Robust Face Anti-Spoofing
http://arxiv.org/abs/1907.04047v1,2019-07-09,7666,Deep Pixel-wise Binary Supervision for Face Presentation Attack Detection
http://arxiv.org/abs/1907.04138v1,2019-07-09,7396,Characterization of Overlap in Observational Studies
http://arxiv.org/abs/1907.04275v1,2019-07-09,7255,Learning to Optimize Domain Specific Normalization for Domain Generalization
http://arxiv.org/abs/1907.03958v1,2019-07-09,5684,Attentive CT Lesion Detection Using Deep Pyramid Inference with Multi-Scale Booster
http://arxiv.org/abs/1907.04223v1,2019-07-09,4181,Characterizing Inter-Layer Functional Mappings of Deep Learning Models
http://arxiv.org/abs/1907.04050v1,2019-07-09,4121,k-GANs: Ensemble of Generative Models with Semi-Discrete Optimal Transport
http://arxiv.org/abs/1907.04102v1,2019-07-09,3124,Quantifying Confounding Bias in Neuroimaging Datasets with Causal Inference
http://arxiv.org/abs/1907.04096v1,2019-07-09,3075,Efficient Pose Selection for Interactive Camera Calibration
http://arxiv.org/abs/1907.03961v1,2019-07-09,2549,A Baseline for 3D Multi-Object Tracking
http://arxiv.org/abs/1907.04198v1,2019-07-09,2526,Sequence-to-Sequence Natural Language to Humanoid Robot Sign Language
http://arxiv.org/abs/1907.04305v1,2019-07-09,2483,DSNet: Automatic Dermoscopic Skin Lesion Segmentation
http://arxiv.org/abs/1907.04003v1,2019-07-09,1926,Mean Spectral Normalization of Deep Neural Networks for Embedded Automation
http://arxiv.org/abs/1907.04253v1,2019-07-09,1805,Gated Multiple Feedback Network for Image Super-Resolution
http://arxiv.org/abs/1907.03953v1,2019-07-09,1792,Efficient Cloth Simulation using Miniature Cloth and Upscaling Deep Neural Networks
http://arxiv.org/abs/1907.04091v1,2019-07-09,1216,Template-Based Posit Multiplication for Training and Inferring in Neural Networks
http://arxiv.org/abs/1907.04018v1,2019-07-09,970,On Activation Function Coresets for Network Pruning
http://arxiv.org/abs/1907.04092v1,2019-07-09,932,Tensor p-shrinkage nuclear norm for low-rank tensor completion
http://arxiv.org/abs/1907.04194v1,2019-07-09,825,Adaptive Exploration for Unsupervised Person Re-Identification
http://arxiv.org/abs/1907.04004v1,2019-07-09,821,"Incremental Intervention Effects in Studies with Many Timepoints, Repeated Outcomes, and Dropout"
http://arxiv.org/abs/1907.04052v1,2019-07-09,703,Improving Deep Lesion Detection Using 3D Contextual and Spatial Attention
http://arxiv.org/abs/1907.03976v1,2019-07-09,679,Ranking-Based Reward Extrapolation without Rankings
http://arxiv.org/abs/1907.04108v1,2019-07-09,360,Scaling Limit of Neural Networks with the Xavier Initialization and Convergence to a Global Minimum
http://arxiv.org/abs/1907.04027v1,2019-07-09,338,Nonconvex Regularized Robust Regression with Oracle Properties in Polynomial Time
http://arxiv.org/abs/1907.03967v1,2019-07-09,309,On the Exact Recovery Conditions of 3D Human Motion from 2D Landmark Motion with Sparse Articulated Motion
http://arxiv.org/abs/1907.04011v1,2019-07-09,290,UnsuperPoint: End-to-end Unsupervised Interest Point Detector and Descriptor
http://arxiv.org/abs/1907.04041v1,2019-07-09,274,BADAM: A Public Dataset for Baseline Detection in Arabic-script Manuscripts
http://arxiv.org/abs/1907.04232v1,2019-07-09,254,Unified Optimal Analysis of the (Stochastic) Gradient Method
http://arxiv.org/abs/1907.04124v1,2019-07-09,224,3D pavement surface reconstruction using an RGB-D sensor
http://arxiv.org/abs/1907.04281v1,2019-07-09,185,Deep Learning Techniques for Improving Digital Gait Segmentation
http://arxiv.org/abs/1907.04150v1,2019-07-09,90,Nonnegative Matrix Factorization with Local Similarity Learning
http://arxiv.org/abs/1907.04100v1,2019-07-09,74,calibDB: enabling web based computer vision through on-the-fly camera calibration
http://arxiv.org/abs/1907.04298v1,2019-07-09,56,Deep Learning for Spacecraft Pose Estimation from Photorealistic Rendering
http://arxiv.org/abs/1907.04061v1,2019-07-09,56,A Light weight and Hybrid Deep Learning Model based Online Signature Verification
http://arxiv.org/abs/1907.04058v1,2019-07-09,13,Depth from Small Motion using Rank-1 Initialization
http://arxiv.org/abs/1907.04286v1,2019-07-09,1,UW-BHI at MEDIQA 2019: An Analysis of Representation Methods for Medical Natural Language Inference
http://arxiv.org/abs/1907.04276v1,2019-07-09,0,A Conformance Checking-based Approach for Drift Detection in Business Processes
http://arxiv.org/abs/1907.04251v1,2019-07-09,0,A divide-and-conquer algorithm for binary matrix completion
http://arxiv.org/abs/1907.04246v1,2019-07-09,0,Security for Distributed Deep Neural Networks Towards Data Confidentiality & Intellectual Property Protection
http://arxiv.org/abs/1907.04160v1,2019-07-09,0,Learning in Competitive Network with Haeusslers Equation adapted using FIREFLY algorithm
http://arxiv.org/abs/1907.04057v1,2019-07-09,0,Lidar-based Object Classification with Explicit Occlusion Modeling
http://arxiv.org/abs/1907.04028v1,2019-07-09,0,PathRank: A Multi-Task Learning Framework to Rank Paths in Spatial Networks
http://arxiv.org/abs/1907.04021v1,2019-07-09,0,SVGD: A Virtual Gradients Descent Method for Stochastic Optimization
http://arxiv.org/abs/1907.04001v1,2019-07-09,0,Incremental Semantic Mapping with Unsupervised On-line Learning
http://arxiv.org/abs/1907.03951v1,2019-07-09,0,Accurate Nuclear Segmentation with \\Center Vector Encoding
http://arxiv.org/abs/1907.03947v1,2019-07-09,0,Understanding Player Engagement and In-Game Purchasing Behavior with Ensemble Learning
http://arxiv.org/abs/1907.03755v1,2019-07-09,0,Applications of a Novel Knowledge Discovery and Data Mining Process Model for Metabolomics
http://arxiv.org/abs/1907.03870v1,2019-07-09,0,Profiling Players with Engagement Predictions
http://arxiv.org/abs/1907.03925v1,2019-07-09,0,Non-technical Loss Detection with Statistical Profile Images Based on Semi-supervised Learning
http://arxiv.org/abs/1907.03382v1,2019-07-08,194330,Etalumis: Bringing Probabilistic Programming to Scientific Simulators at Scale
http://arxiv.org/abs/1907.03712v1,2019-07-08,157622,Policy-Gradient Algorithms Have No Guarantees of Convergence in Continuous Action and State Multi-Agent Settings
http://arxiv.org/abs/1907.03821v1,2019-07-08,115351,Thompson Sampling on Symmetric $α$-Stable Bandits
http://arxiv.org/abs/1907.03609v1,2019-07-08,51128,Variational Context: Exploiting Visual and Textual Context for Grounding Referring Expressions
http://arxiv.org/abs/1907.03419v1,2019-07-08,39287,The Price of Interpretability
http://arxiv.org/abs/1907.03741v1,2019-07-08,21967,"Expressive power of tensor-network factorizations for probabilistic modeling, with applications from hidden Markov models to quantum machine learning"
http://arxiv.org/abs/1907.03411v1,2019-07-08,18129,Unbiased estimators for random design regression
http://arxiv.org/abs/1907.03799v1,2019-07-08,17048,Fine-Grained Continual Learning
http://arxiv.org/abs/1907.03537v1,2019-07-08,16748,Linking Art through Human Poses
http://arxiv.org/abs/1907.03892v1,2019-07-08,13169,Fast Visual Object Tracking with Rotated Bounding Boxes
http://arxiv.org/abs/1907.03572v1,2019-07-08,12740,Towards Explainable Music Emotion Recognition: The Route via Mid-level Features
http://arxiv.org/abs/1907.03613v1,2019-07-08,11870,Data Efficient Reinforcement Learning for Legged Robots
http://arxiv.org/abs/1907.03693v1,2019-07-08,9994,Incorporating Query Term Independence Assumption for Efficient Retrieval and Ranking using Deep Neural Networks
http://arxiv.org/abs/1907.03651v1,2019-07-08,9949,FortuneTeller: Predicting Microarchitectural Attacks via Unsupervised Deep Learning
http://arxiv.org/abs/1907.03728v1,2019-07-08,9892,Correlation via synthesis: end-to-end nodule image generation and radiogenomic map learning based on generative adversarial network
http://arxiv.org/abs/1907.03448v1,2019-07-08,9268,Perceptual representations of structural information in images: application to quality assessment of synthesized view in FTV scenario
http://arxiv.org/abs/1907.03520v1,2019-07-08,7790,A Deep Learning Approach for Real-Time 3D Human Action Recognition from Skeletal Data
http://arxiv.org/abs/1907.03875v1,2019-07-08,7265,Multi-Scale Vector Quantization with Reconstruction Trees
http://arxiv.org/abs/1907.03452v1,2019-07-08,6326,Deep splitting method for parabolic PDEs
http://arxiv.org/abs/1907.03687v1,2019-07-08,6202,General non-linear Bellman equations
http://arxiv.org/abs/1907.03670v1,2019-07-08,5670,Part-A^2 Net: 3D Part-Aware and Aggregation Neural Network for Object Detection from Point Cloud
http://arxiv.org/abs/1907.03909v1,2019-07-08,5260,Collaborative Machine Learning at the Wireless Edge with Blind Transmitters
http://arxiv.org/abs/1907.03483v1,2019-07-08,5075,Quantifying Transparency of Machine Learning Systems through Analysis of Contributions
http://arxiv.org/abs/1907.03698v1,2019-07-08,5070,TrackNet: A Deep Learning Network for Tracking High-speed and Tiny Objects in Sports Applications
http://arxiv.org/abs/1907.03548v1,2019-07-08,4703,Unified Attentional Generative Adversarial Network for Brain Tumor Segmentation From Multimodal Unpaired Images
http://arxiv.org/abs/1907.03885v1,2019-07-08,4198,An Intrinsic Nearest Neighbor Analysis of Neural Machine Translation Architectures
http://arxiv.org/abs/1907.03813v1,2019-07-08,3910,Statistical Analysis of Nearest Neighbor Methods for Anomaly Detection
http://arxiv.org/abs/1907.03402v1,2019-07-08,3707,"Data Distillation, Face-Related Tasks, Multi Task Learning, Semi-Supervised Learning"
http://arxiv.org/abs/1907.03907v1,2019-07-08,3706,Latent ODEs for Irregularly-Sampled Time Series
http://arxiv.org/abs/1907.03426v1,2019-07-08,3599,Multivariate-Information Adversarial Ensemble for Scalable Joint Distribution Matching
http://arxiv.org/abs/1907.03389v1,2019-07-08,3599,Blending-target Domain Adaptation by Adversarial Meta-Adaptation Networks
http://arxiv.org/abs/1907.03511v1,2019-07-08,3088,A Multi-Stage Clustering Framework for Automotive Radar Data
http://arxiv.org/abs/1907.03809v1,2019-07-08,2377,Competing Models
http://arxiv.org/abs/1907.03620v1,2019-07-08,2372,"Contraction Clustering (RASTER): A Very Fast Big Data Algorithm for Sequential and Parallel Density-Based Clustering in Linear Time, Constant Memory, and a Single Pass"
http://arxiv.org/abs/1907.03792v1,2019-07-08,2341,Asymptotic Bayes risk for Gaussian mixture in a semi-supervised setting
http://arxiv.org/abs/1907.03372v1,2019-07-08,2204,QUOTIENT: Two-Party Secure Neural Network Training and Prediction
http://arxiv.org/abs/1907.03842v1,2019-07-08,1695,Barriers towards no-reference metrics application to compressed video quality analysis: on the example of no-reference metric NIQE
http://arxiv.org/abs/1907.03816v1,2019-07-08,1675,The Power of Comparisons for Actively Learning Linear Classifiers
http://arxiv.org/abs/1907.03422v1,2019-07-08,1624,Bootstrap Model Ensemble and Rank Loss for Engagement Intensity Regression
http://arxiv.org/abs/1907.03802v1,2019-07-08,1191,Personalised aesthetics with residual adapters
http://arxiv.org/abs/1907.04197v1,2019-07-08,1188,Attending to Emotional Narratives
http://arxiv.org/abs/1907.03798v1,2019-07-08,1007,Fully Convolutional Network for Removing DCT Artefacts From Images
http://arxiv.org/abs/1907.03680v1,2019-07-08,752,Robust Guarantees for Perception-Based Control
http://arxiv.org/abs/1907.03540v1,2019-07-08,473,ShrinkML: End-to-End ASR Model Compression Using Reinforcement Learning
http://arxiv.org/abs/1907.03465v1,2019-07-08,266,"A unified neural network for object detection, multiple object tracking and vehicle re-identification"
http://arxiv.org/abs/1907.03495v1,2019-07-08,257,Non-Invasive MGMT Status Prediction in GBM Cancer Using Magnetic Resonance Images (MRI) Radiomics Features: Univariate and Multivariate Machine Learning Radiogenomics Analysis
http://arxiv.org/abs/1907.03423v1,2019-07-08,189,On-Policy Robot Imitation Learning from a Converging Supervisor
http://arxiv.org/abs/1907.03381v1,2019-07-08,85,Travel Time Estimation without Road Networks: An Urban Morphological Layout Representation Approach
http://arxiv.org/abs/1907.03783v1,2019-07-08,68,Comparing EM with GD in Mixture Models of Two Components
http://arxiv.org/abs/1907.03793v1,2019-07-08,55,A Hybrid Stochastic Optimization Framework for Stochastic Composite Nonconvex Optimization
http://arxiv.org/abs/1907.03865v1,2019-07-08,42,Brain Tissues Segmentation on MR Perfusion Images Using CUSUM Filter for Boundary Pixels
http://arxiv.org/abs/1907.03424v1,2019-07-08,33,Segway DRIVE Benchmark: Place Recognition and SLAM Data Collected by A Fleet of Delivery Robots
http://arxiv.org/abs/1907.03373v1,2019-07-08,5,Privacy-Preserving Classification with Secret Vector Machines
http://arxiv.org/abs/1907.03641v1,2019-07-08,2,Smart Households Demand Response Management with Micro Grid
http://arxiv.org/abs/1907.03876v1,2019-07-08,0,Deep Active Inference as Variational Policy Gradients
http://arxiv.org/abs/1907.03739v1,2019-07-08,0,Point-Voxel CNN for Efficient 3D Deep Learning
http://arxiv.org/abs/1907.03715v1,2019-07-08,0,Predicting Customer Call Intent by Analyzing Phone Call Transcripts based on CNN for Multi-Class Classification
http://arxiv.org/abs/1907.03644v1,2019-07-08,0,Unsupervised Domain Alignment to Mitigate Low Level Dataset Biases
http://arxiv.org/abs/1907.03507v1,2019-07-08,0,Physics Informed Extreme Learning Machine (PIELM) -- A rapid method for the numerical solution of partial differential equations
http://arxiv.org/abs/1907.03451v1,2019-07-08,0,Generalized Control Functions via Variational Decoupling
http://arxiv.org/abs/1907.03398v1,2019-07-08,0,Facial Makeup Transfer Combining Illumination Transfer
http://arxiv.org/abs/1907.03387v1,2019-07-08,0,Learning Structural Graph Layouts and 3D Shapes for Long Span Bridges 3D Reconstruction
http://arxiv.org/abs/1907.03361v1,2019-07-07,0,Copula & Marginal Flows: Disentangling the Marginal from its Joint
http://arxiv.org/abs/1907.03355v1,2019-07-07,0,Improving Detection of Credit Card Fraudulent Transactions using Generative Adversarial Networks
http://arxiv.org/abs/1907.03346v1,2019-07-07,0,Individual Regret in Cooperative Nonstochastic Multi-Armed Bandits
http://arxiv.org/abs/1907.03343v1,2019-07-07,0,Fast and Provable ADMM for Learning with Generative Priors
http://arxiv.org/abs/1907.03338v1,2019-07-07,0,Assessing Reliability and Challenges of Uncertainty Estimations for Medical Image Segmentation
http://arxiv.org/abs/1907.03336v1,2019-07-07,0,Search-Based Serving Architecture of Embeddings-Based Recommendations
http://arxiv.org/abs/1907.03334v1,2019-07-07,0,Case-Based Reasoning for Assisting Domain Experts in Processing Fraud Alerts of Black-Box Machine Learning Models
http://arxiv.org/abs/1907.03329v1,2019-07-07,0,Fast ES-RNN: A GPU Implementation of the ES-RNN Algorithm
http://arxiv.org/abs/1907.03327v1,2019-07-07,0,Learning joint lesion and tissue segmentation from task-specific hetero-modal datasets
http://arxiv.org/abs/1907.03326v1,2019-07-07,0,Spacetime Graph Optimization for Video Object Segmentation
http://arxiv.org/abs/1907.03324v1,2019-07-07,0,A Human-Grounded Evaluation of SHAP for Alert Processing
http://arxiv.org/abs/1907.03313v1,2019-07-07,0,Smart Grid Cyber Attacks Detection using Supervised Learning and Heuristic Feature Selection
http://arxiv.org/abs/1907.03297v1,2019-07-07,0,Dual Adversarial Learning with Attention Mechanism for Fine-grained Medical Image Synthesis
http://arxiv.org/abs/1907.03289v1,2019-07-07,0,Deep Learning based Wireless Resource Allocation with Application to Vehicular Networks
http://arxiv.org/abs/1907.03261v1,2019-07-07,0,ELF: Embedded Localisation of Features in pre-trained CNN
http://arxiv.org/abs/1907.03253v1,2019-07-07,0,A Novel Teacher-Student Learning Framework For Occluded Person Re-Identification
http://arxiv.org/abs/1907.03250v1,2019-07-07,0,Resource-Efficient Wearable Computing for Real-Time Reconfigurable Machine Learning: A Cascading Binary Classification
http://arxiv.org/abs/1907.03248v1,2019-07-07,0,Tree-gated Deep Regressor Ensemble For Face Alignment In The Wild
http://arxiv.org/abs/1907.03247v1,2019-07-07,0,Resource-Efficient Computing in Wearable Systems
http://arxiv.org/abs/1907.03246v1,2019-07-07,0,An Experimental-based Review of Image Enhancement and Image Restoration Methods for Underwater Imaging
http://arxiv.org/abs/1907.03241v1,2019-07-07,0,ASCNet: Adaptive-Scale Convolutional Neural Networks for Multi-Scale Feature Learning
http://arxiv.org/abs/1907.03236v1,2019-07-07,0,Quantum-inspired canonical correlation analysis for exponentially large dimensional data
http://arxiv.org/abs/1907.03222v1,2019-07-07,0,IRNet: A General Purpose Deep Residual Regression Framework for Materials Discovery
http://arxiv.org/abs/1907.03221v1,2019-07-07,0,FC$^2$N: Fully Channel-Concatenated Network for Single Image Super-Resolution
http://arxiv.org/abs/1907.03220v1,2019-07-07,0,Skin Lesion Analyser: An Efficient Seven-Way Multi-Class Skin Cancer Classification Using MobileNet
http://arxiv.org/abs/1907.03217v1,2019-07-07,0,Adaptive Weighting Depth-variant Deconvolution of Fluorescence Microscopy Images with Convolutional Neural Network
http://arxiv.org/abs/1907.03215v1,2019-07-07,0,Quantitative $W_1$ Convergence of Langevin-Like Stochastic Processes with Non-Convex Potential State-Dependent Noise
http://arxiv.org/abs/1907.03211v1,2019-07-07,0,Deep Exponential-Family Auto-Encoders
http://arxiv.org/abs/1907.03207v1,2019-07-07,0,"Towards Robust, Locally Linear Deep Networks"
http://arxiv.org/abs/1907.03199v1,2019-07-06,0,What graph neural networks cannot learn: depth vs width
http://arxiv.org/abs/1907.03197v1,2019-07-06,0,Composable Core-sets for Determinant Maximization: A Simple Near-Optimal Algorithm
http://arxiv.org/abs/1907.03196v1,2019-07-06,0,Multimodal Fusion with Deep Neural Networks for Audio-Video Emotion Recognition
http://arxiv.org/abs/1907.03192v1,2019-07-06,0,Volume Doubling Condition and a Local Poincaré Inequality on Unweighted Random Geometric Graphs
http://arxiv.org/abs/1907.03191v1,2019-07-06,0,TEALS: Time-aware Text Embedding Approach to Leverage Subgraphs
http://arxiv.org/abs/1907.03190v1,2019-07-06,0,Testing Mixtures of Discrete Distributions
http://arxiv.org/abs/1907.03182v1,2019-07-06,0,Towards Testing Monotonicity of Distributions Over General Posets
http://arxiv.org/abs/1907.03179v1,2019-07-06,0,Weakly-supervised Knowledge Graph Alignment with Adversarial Learning
http://arxiv.org/abs/1907.03178v1,2019-07-06,0,XGBoostLSS -- An extension of XGBoost to probabilistic forecasting
http://arxiv.org/abs/1907.03167v1,2019-07-06,0,Exploring difference in public perceptions on HPV vaccine between gender groups from Twitter using deep learning
http://arxiv.org/abs/1907.03165v1,2019-07-06,0,Unsupervised cycle-consistent deformation for shape matching
http://arxiv.org/abs/1907.03164v1,2019-07-06,0,Towards Debugging Deep Neural Networks by Generating Speech Utterances
http://arxiv.org/abs/1907.03149v1,2019-07-06,0,Intelligent Systems Design for Malware Classification Under Adversarial Conditions
http://arxiv.org/abs/1907.03143v1,2019-07-06,0,Diachronic Embedding for Temporal Knowledge Graph Completion
http://arxiv.org/abs/1907.03141v1,2019-07-06,0,AutoSlim: An Automatic DNN Structured Pruning Framework for Ultra-High Compression Rates
http://arxiv.org/abs/1907.03140v1,2019-07-06,0,ReLU Networks as Surrogate Models in Mixed-Integer Linear Programs
http://arxiv.org/abs/1907.03137v1,2019-07-06,0,Precision annealing Monte Carlo methods for statistical data assimilation and machine learning
http://arxiv.org/abs/1907.03128v1,2019-07-06,0,Multi-level Wavelet Convolutional Neural Networks
http://arxiv.org/abs/1907.03123v1,2019-07-06,0,Revisiting Metric Learning for Few-Shot Image Classification
http://arxiv.org/abs/1907.03122v1,2019-07-06,0,Takens-inspired neuromorphic processor: a downsizing tool for random recurrent neural networks via feature extraction
http://arxiv.org/abs/1907.03118v1,2019-07-06,0,Fast Universal Style Transfer for Artistic and Photorealistic Rendering
http://arxiv.org/abs/1907.03116v1,2019-07-06,0,Intrinsic Motivation Driven Intuitive Physics Learning using Deep Reinforcement Learning with Intrinsic Reward Normalization
http://arxiv.org/abs/1907.03103v1,2019-07-06,0,Adversarial Fault Tolerant Training for Deep Neural Networks
http://arxiv.org/abs/1907.03100v1,2019-07-06,0,Regularizing linear inverse problems with convolutional neural networks
http://arxiv.org/abs/1907.03098v1,2019-07-06,0,Playing Flappy Bird via Asynchronous Advantage Actor Critic Algorithm
http://arxiv.org/abs/1907.03089v1,2019-07-06,0,SAN: Scale-Aware Network for Semantic Segmentation of High-Resolution Aerial Images
http://arxiv.org/abs/1907.03087v1,2019-07-06,0,Estimating location parameters in entangled single-sample distributions
http://arxiv.org/abs/1907.03083v1,2019-07-06,0,Bilevel Integrative Optimization for Ill-posed Inverse Problems
http://arxiv.org/abs/1907.03077v1,2019-07-06,0,Generative Counterfactual Introspection for Explainable Deep Learning
http://arxiv.org/abs/1907.03075v1,2019-07-06,0,AMD Severity Prediction And Explainability Using Image Registration And Deep Embedded Clustering
http://arxiv.org/abs/1907.03069v1,2019-07-06,0,Deep Learning for Fine-Grained Image Analysis: A Survey
http://arxiv.org/abs/1907.03064v1,2019-07-06,0,Improved low-resource Somali speech recognition by semi-supervised acoustic and language model training
http://arxiv.org/abs/1907.03063v1,2019-07-06,0,MRI Super-Resolution with Ensemble Learning and Complementary Priors
http://arxiv.org/abs/1907.03053v1,2019-07-06,0,A Communication-Efficient Multi-Agent Actor-Critic Algorithm for Distributed Reinforcement Learning
http://arxiv.org/abs/1907.03050v1,2019-07-05,0,Jointly Aligning and Predicting Continuous Emotion Annotations
http://arxiv.org/abs/1907.03049v1,2019-07-05,0,Video Question Generation via Cross-Modal Self-Attention Networks Learning
http://arxiv.org/abs/1907.03048v1,2019-07-05,0,Uncovering Download Fraud Activities in Mobile App Markets
http://arxiv.org/abs/1907.03046v1,2019-07-05,0,Learning a Behavioral Repertoire from Demonstrations
http://arxiv.org/abs/1907.03043v1,2019-07-05,0,Gaussian Processes for Analyzing Positioned Trajectories in Sports
http://arxiv.org/abs/1907.03039v1,2019-07-05,0,Global Aggregations of Local Explanations for Black Box models
http://arxiv.org/abs/1907.03038v1,2019-07-05,0,Faking and Discriminating the Navigation Data of a Micro Aerial Vehicle Using Quantum Generative Adversarial Networks
http://arxiv.org/abs/1907.03030v1,2019-07-05,0,Dependency-aware Attention Control for Unconstrained Face Recognition with Image Sets
http://arxiv.org/abs/1907.03029v1,2019-07-05,0,Blind Universal Bayesian Image Denoising with Gaussian Noise Level Learning
http://arxiv.org/abs/1907.02998v1,2019-07-05,0,Self-supervised Learning of Distance Functions for Goal-Conditioned Reinforcement Learning
http://arxiv.org/abs/1907.02994v1,2019-07-05,0,Deep learning in ultrasound imaging
http://arxiv.org/abs/1907.02987v1,2019-07-05,0,RED: A ReRAM-based Deconvolution Accelerator
http://arxiv.org/abs/1907.02985v1,2019-07-05,0,Embodied Vision-and-Language Navigation with Dynamic Convolutional Filters
http://arxiv.org/abs/1907.02959v1,2019-07-05,0,High-throughput Onboard Hyperspectral Image Compression with Ground-based CNN Reconstruction
http://arxiv.org/abs/1907.02957v1,2019-07-05,0,Detecting and Diagnosing Adversarial Images with Class-Conditional Capsule Reconstructions
http://arxiv.org/abs/1907.02946v1,2019-07-05,0,A Novel Deep Learning Pipeline for Retinal Vessel Detection in Fluorescein Angiography
http://arxiv.org/abs/1907.02940v1,2019-07-05,0,Visualizing Uncertainty and Saliency Maps of Deep Convolutional Neural Networks for Medical Imaging Applications
http://arxiv.org/abs/1907.03588v1,2019-07-05,0,A New Approach to Distributed Hypothesis Testing and Non-Bayesian Learning: Improved Learning Rate and Byzantine-Resilience
http://arxiv.org/abs/1907.02936v1,2019-07-05,0,An Approximate Bayesian Approach to Surprise-Based Learning
http://arxiv.org/abs/1907.02929v1,2019-07-05,0,Improved local search for graph edit distance
http://arxiv.org/abs/1907.02911v1,2019-07-05,0,"Weight-space symmetry in deep networks gives rise to permutation saddles, connected by equal-loss valleys across the loss landscape"
http://arxiv.org/abs/1907.02908v1,2019-07-05,0,On Inductive Biases in Deep Reinforcement Learning
http://arxiv.org/abs/1907.02907v1,2019-07-05,0,Hybridized Threshold Clustering for Massive Data
http://arxiv.org/abs/1907.02893v1,2019-07-05,0,Invariant Risk Minimization
http://arxiv.org/abs/1907.02890v1,2019-07-05,0,A Performance Evaluation of Correspondence Grouping Methods for 3D Rigid Data Matching
http://arxiv.org/abs/1907.02889v1,2019-07-05,0,Visus: An Interactive System for Automatic Machine Learning Model Building and Curation
http://arxiv.org/abs/1907.02884v1,2019-07-05,0,Multi-lingual Intent Detection and Slot Filling in a Joint BERT-based Model
http://arxiv.org/abs/1907.02882v1,2019-07-05,0,Generating large labeled data sets for laparoscopic image processing tasks using unpaired image-to-image translation
http://arxiv.org/abs/1907.02877v1,2019-07-05,0,Suitability of an inter-burst detection method for grading hypoxic-ischemic encephalopathy in newborn EEG
http://arxiv.org/abs/1907.02874v1,2019-07-05,0,Attentive Multi-Task Deep Reinforcement Learning
http://arxiv.org/abs/1907.02873v1,2019-07-05,0,A new method for determining the filled point of the tooth by Bit-Plane Algorithm
http://arxiv.org/abs/1907.02865v1,2019-07-05,0,Cardiac MRI Segmentation with Strong Anatomical Guarantees
http://arxiv.org/abs/1907.02848v1,2019-07-05,0,Deep Reinforcement Learning For Modeling Chit-Chat Dialog With Discrete Attributes
http://arxiv.org/abs/1907.02844v1,2019-07-05,0,Geodesic Learning via Unsupervised Decision Forests
http://arxiv.org/abs/1907.02843v1,2019-07-05,0,Distilling with Residual Network for Single Image Super Resolution
http://arxiv.org/abs/1907.02841v1,2019-07-05,0,Depth Restoration: A fast low-rank matrix completion via dual-graph regularization
http://arxiv.org/abs/1907.03626v1,2019-07-05,0,Qualitative Benchmarking of Deep Learning Hardware and Frameworks: Review and Tutorial
http://arxiv.org/abs/1907.02824v1,2019-07-05,0,Visual Appearance Analysis of Forest Scenes for Monocular SLAM
http://arxiv.org/abs/1907.02818v1,2019-07-05,0,Automatic Differentiation for Adjoint Stencil Loops
http://arxiv.org/abs/1907.02813v1,2019-07-05,0,AI-based evaluation of the SDGs: The case of crop detection with earth observation data
http://arxiv.org/abs/1907.02788v1,2019-07-05,0,Incremental Concept Learning via Online Generative Memory Recall
http://arxiv.org/abs/1907.02787v1,2019-07-05,0,Degenerative Adversarial NeuroImage Nets: Generating Images that Mimic Disease Progression
http://arxiv.org/abs/1907.02784v1,2019-07-05,0,A Methodology for Controlling the Emotional Expressiveness in Synthetic Speech -- a Deep Learning approach
http://arxiv.org/abs/1907.02766v1,2019-07-05,0,Data Efficient Unsupervised Domain Adaptation for Cross-Modality Image Segmentation
http://arxiv.org/abs/1907.02757v1,2019-07-05,0,Self-Supervised Learning for Cardiac MR Image Segmentation by Anatomical Position Prediction
http://arxiv.org/abs/1907.02745v1,2019-07-05,0,Wireless Federated Distillation for Distributed Edge Learning with Heterogeneous Data
http://arxiv.org/abs/1907.02742v1,2019-07-05,0,Adversarial Learning with Multiscale Features and Kernel Factorization for Retinal Blood Vessel Segmentation
http://arxiv.org/abs/1907.02731v1,2019-07-05,0,A Spectral Approach to Unsupervised Object Segmentation in Video
http://arxiv.org/abs/1907.02724v1,2019-07-05,0,C^3 Framework: An Open-source PyTorch Code for Crowd Counting
http://arxiv.org/abs/1907.02711v1,2019-07-05,0,Prior Activation Distribution (PAD): A Versatile Representation to Utilize DNN Hidden Units
http://arxiv.org/abs/1907.02704v1,2019-07-05,0,Extraction and Analysis of Fictional Character Networks: A Survey
http://arxiv.org/abs/1907.02698v1,2019-07-05,0,A Bi-directional Transformer for Musical Chord Recognition
http://arxiv.org/abs/1907.02690v1,2019-07-05,0,Twin Auxiliary Classifiers GAN
http://arxiv.org/abs/1907.02677v1,2019-07-05,0,Networkmetrics unraveled: MBDA in Action
http://arxiv.org/abs/1907.02670v1,2019-07-05,0,Zero-shot Learning for Audio-based Music Classification and Tagging
http://arxiv.org/abs/1907.02665v1,2019-07-05,0,Blind Image Quality Assessment Using A Deep Bilinear Convolutional Neural Network
http://arxiv.org/abs/1907.02664v1,2019-07-05,0,Data Encoding for Byzantine-Resilient Distributed Optimization
http://arxiv.org/abs/1907.02663v1,2019-07-05,0,"The DKU Replay Detection System for the ASVspoof 2019 Challenge: On Data Augmentation, Feature Representation, Classification, and Fusion"
http://arxiv.org/abs/1907.02662v1,2019-07-05,0,Evaluating the distribution learning capabilities of GANs
http://arxiv.org/abs/1907.03591v1,2019-07-05,0,Feature-Based Image Clustering and Segmentation Using Wavelets
http://arxiv.org/abs/1907.02649v1,2019-07-05,0,A Unified Framework of Online Learning Algorithms for Training Recurrent Neural Networks
http://arxiv.org/abs/1907.02634v1,2019-07-05,0,Automated Non-Destructive Inspection of Fused Filament Fabrication Components Using Thermographic Signal Reconstruction
http://arxiv.org/abs/1907.03395v1,2019-07-04,0,Social-BiGAT: Multimodal Trajectory Forecasting using Bicycle-GAN and Graph Attention Networks
http://arxiv.org/abs/1907.02610v1,2019-07-04,0,Adversarial Robustness through Local Linearization
http://arxiv.org/abs/1907.02582v1,2019-07-04,0,Explaining Predictions from Tree-based Boosting Ensembles
http://arxiv.org/abs/1907.02577v1,2019-07-04,0,Data-Centric Mixed-Variable Bayesian Optimization For Materials Design
http://arxiv.org/abs/1907.02571v1,2019-07-04,0,Reducing Exploration of Dying Arms in Mortal Bandits
http://arxiv.org/abs/1907.02567v1,2019-07-04,0,DeepAAA: clinically applicable and generalizable detection of abdominal aortic aneurysm using deep learning
http://arxiv.org/abs/1907.02547v1,2019-07-04,0,A Survey of Pruning Methods for Efficient Person Re-identification Across Domains
http://arxiv.org/abs/1907.02545v1,2019-07-04,0,Attentive Context Normalization for Robust Permutation-Equivariant Learning
http://arxiv.org/abs/1907.02544v1,2019-07-04,0,Large Scale Adversarial Representation Learning
http://arxiv.org/abs/1907.02517v1,2019-07-04,0,Least Action Principles and Well-Posed Learning Problems
http://arxiv.org/abs/1907.02513v1,2019-07-04,0,Locally Private k-Means Clustering
http://arxiv.org/abs/1907.02511v1,2019-07-04,0,Deep Coupled-Representation Learning for Sparse Linear Inverse Problems with Side Information
http://arxiv.org/abs/1907.02509v1,2019-07-04,0,"On Validating, Repairing and Refining Heuristic ML Explanations"
http://arxiv.org/abs/1907.02499v1,2019-07-04,0,Sim2real transfer learning for 3D pose estimation: motion to the rescue
http://arxiv.org/abs/1907.02637v1,2019-07-04,0,Neural Drum Machine : An Interactive System for Real-time Synthesis of Drum Sounds
http://arxiv.org/abs/1907.02531v1,2019-07-04,0,Transfer learning enhanced physics informed neural network for phase-field modeling of fracture
http://arxiv.org/abs/1907.02477v1,2019-07-04,0,Adversarial Attacks in Sound Event Classification
http://arxiv.org/abs/1907.02644v1,2019-07-04,0,Pathology GAN: Learning deep representations of cancer tissue
http://arxiv.org/abs/1907.02452v1,2019-07-04,0,Learning Latent Dynamics for Partially-Observed Chaotic Systems
http://arxiv.org/abs/1907.02447v1,2019-07-04,0,Efficient Parameter Estimation of Sampled Random Fields
http://arxiv.org/abs/1907.02444v1,2019-07-04,0,Diffprivlib: The IBM Differential Privacy Library
http://arxiv.org/abs/1907.02443v1,2019-07-04,0,High-dimensional Gaussian graphical model for network-linked data
http://arxiv.org/abs/1907.02437v1,2019-07-04,0,Subsampling Bias and The Best-Discrepancy Systematic Cross Validation
http://arxiv.org/abs/1907.02427v1,2019-07-04,0,Multi-Task Learning for Coherence Modeling
http://arxiv.org/abs/1907.02426v1,2019-07-04,0,Multimodal Uncertainty Reduction for Intention Recognition in Human-Robot Interaction
http://arxiv.org/abs/1907.02413v1,2019-07-04,0,Multi-Instance Multi-Scale CNN for Medical Image Classification
http://arxiv.org/abs/1907.02404v1,2019-07-04,0,Blind Audio Source Separation with Minimum-Volume Beta-Divergence NMF
http://arxiv.org/abs/1907.02796v1,2019-07-04,0,Unsupervised Anomaly Localization using Variational Auto-Encoders
http://arxiv.org/abs/1907.02364v1,2019-07-04,0,"Believe It or Not, We Know What You Are Looking at!"
http://arxiv.org/abs/1907.02345v1,2019-07-04,0,Probabilistic CCA with Implicit Distributions
http://arxiv.org/abs/1907.02343v1,2019-07-04,0,k is the Magic Number -- Inferring the Number of Clusters Through Nonparametric Concentration Inequalities
http://arxiv.org/abs/1907.02633v1,2019-07-04,0,Approximate Fictitious Play for Mean Field Games
http://arxiv.org/abs/1907.02336v1,2019-07-04,0,Deep Saliency Models : The Quest For The Loss Function
http://arxiv.org/abs/1907.02323v1,2019-07-04,0,DeePCCI: Deep Learning-based Passive Congestion Control Identification
http://arxiv.org/abs/1907.02306v1,2019-07-04,0,Consistent Regression using Data-Dependent Coverings
http://arxiv.org/abs/1907.02288v1,2019-07-04,0,From Pixels to Affect: A Study on Games and Player Experience
http://arxiv.org/abs/1907.02282v1,2019-07-04,0,Edge-Aware Deep Image Deblurring
http://arxiv.org/abs/1907.02271v1,2019-07-04,0,Learning a Domain-Invariant Embedding for Unsupervised Domain Adaptation Using Class-Conditioned Distribution Alignment
http://arxiv.org/abs/1907.02265v1,2019-07-04,0,Supervised Symbolic Music Style Translation Using Synthetic Data
http://arxiv.org/abs/1907.02260v1,2019-07-04,0,On Explaining Machine Learning Models by Evolving Crucial and Compact Features
http://arxiv.org/abs/1907.02258v1,2019-07-04,0,The evolution of argumentation mining: From models to social media and emerging tools
http://arxiv.org/abs/1907.02253v1,2019-07-04,0,LumièreNet: Lecture Video Synthesis from Audio
http://arxiv.org/abs/1907.02248v1,2019-07-04,0,FPCNet: Fast Pavement Crack Detection Network Based on Encoder-Decoder Architecture
http://arxiv.org/abs/1907.02244v1,2019-07-04,0,Searching for Apparel Products from Images in the Wild
http://arxiv.org/abs/1907.02242v1,2019-07-04,0,Fair Kernel Regression via Fair Feature Embedding in Kernel Space
http://arxiv.org/abs/1907.02237v1,2019-07-04,0,Dimensional Reweighting Graph Convolutional Networks
http://arxiv.org/abs/1907.02230v1,2019-07-04,0,Attention based Convolutional Recurrent Neural Network for Environmental Sound Classification
http://arxiv.org/abs/1907.02228v1,2019-07-04,0,RFBTD: RFB Text Detector
http://arxiv.org/abs/1907.02226v1,2019-07-04,0,Graph-based Knowledge Distillation by Multi-head Self-attention Network
http://arxiv.org/abs/1907.02220v1,2019-07-04,0,"Neural Networks, Hypersurfaces, and Radon Transforms"
http://arxiv.org/abs/1907.02206v1,2019-07-04,0,Online Mixed-Integer Optimization in Milliseconds
http://arxiv.org/abs/1907.02205v1,2019-07-04,0,An External Knowledge Enhanced Multi-label Charge Prediction Approach with Label Number Learning
http://arxiv.org/abs/1907.02204v1,2019-07-04,0,Improving Attention Mechanism in Graph Neural Networks via Cardinality Preservation
http://arxiv.org/abs/1907.02203v1,2019-07-04,0,An Item Recommendation Approach by Fusing Images based on Neural Networks
http://arxiv.org/abs/1907.02198v1,2019-07-04,0,Video Crowd Counting via Dynamic Temporal Modeling
http://arxiv.org/abs/1907.02636v1,2019-07-04,0,Collecting Indicators of Compromise from Unstructured Text of Cybersecurity Articles using Neural-Based Sequence Labelling
http://arxiv.org/abs/1907.02189v1,2019-07-04,0,On the Convergence of FedAvg on Non-IID Data
http://arxiv.org/abs/1907.02188v1,2019-07-04,0,Classifying Multi-Gas Spectrums using Monte Carlo KNN and Multi-Resolution CNN
http://arxiv.org/abs/1907.02178v1,2019-07-04,0,Online Evaluation of Audiences for Targeted Advertising via Bandit Experiments
http://arxiv.org/abs/1907.02177v1,2019-07-04,0,Adaptive Approximation and Estimation of Deep Neural Network to Intrinsic Dimensionality
http://arxiv.org/abs/1907.02163v1,2019-07-04,0,A Quantum Field Theory of Representation Learning
http://arxiv.org/abs/1907.02161v1,2019-07-03,0,Seeing Under the Cover: A Physics Guided Learning Approach for In-Bed Pose Estimation
http://arxiv.org/abs/1907.02159v1,2019-07-03,0,Capacity Bounded Differential Privacy
http://arxiv.org/abs/1907.03576v1,2019-07-03,0,Deep Learning-Based Semantic Segmentation of Microscale Objects
http://arxiv.org/abs/1907.02157v1,2019-07-03,0,Slim-CNN: A Light-Weight CNN for Face Attribute Prediction
http://arxiv.org/abs/1907.02151v1,2019-07-03,0,Safe Approximate Dynamic Programming Via Kernelized Lipschitz Estimation
http://arxiv.org/abs/1907.02149v1,2019-07-03,0,Analyzing the Cross-Sensor Portability of Neural Network Architectures for LiDAR-based Semantic Labeling
http://arxiv.org/abs/1907.02140v1,2019-07-03,0,Integration of Imitation Learning using GAIL and Reinforcement Learning using Task-achievement Rewards via Probabilistic Generative Model
http://arxiv.org/abs/1907.02526v1,2019-07-03,0,Convolutional Neural Network-based Speech Enhancement for Cochlear Implant Recipients
http://arxiv.org/abs/1907.02136v1,2019-07-03,0,A Hybrid Approach for Learning Program Representations
http://arxiv.org/abs/1907.02129v1,2019-07-03,0,The Indirect Convolution Algorithm
http://arxiv.org/abs/1907.02124v1,2019-07-03,0,Non-structured DNN Weight Pruning Considered Harmful
http://arxiv.org/abs/1907.02121v1,2019-07-03,0,Next Generation Radiogenomics Sequencing for Prediction of EGFR and KRAS Mutation Status in NSCLC Patients Using Multimodal Imaging and Machine Learning Approaches
http://arxiv.org/abs/1907.02114v1,2019-07-03,0,Maximum Expected Hitting Cost of a Markov Decision Process and Informativeness of Rewards
http://arxiv.org/abs/1907.02642v1,2019-07-03,0,Primate Face Identification in the Wild
http://arxiv.org/abs/1907.02110v1,2019-07-03,0,DeepMRSeg: A convolutional deep neural network for anatomy and abnormality segmentation on MR images
http://arxiv.org/abs/1907.02109v1,2019-07-03,0,A unified approach to mixed-integer optimization: Nonlinear formulations and scalable algorithms
http://arxiv.org/abs/1907.02100v1,2019-07-03,0,Machine learning and behavioral economics for personalized choice architecture
http://arxiv.org/abs/1907.02098v1,2019-07-03,0,Preserving physically important variables in optimal event selections: A case study in Higgs physics
http://arxiv.org/abs/1907.02096v1,2019-07-03,0,A comprehensive evaluation of full-reference image quality assessment algorithms on KADID-10k
http://arxiv.org/abs/1907.02088v1,2019-07-03,0,mgcpy: A Comprehensive High Dimensional Independence Testing Python Package
http://arxiv.org/abs/1907.02060v1,2019-07-03,0,Novel evaluation of surgical activity recognition models using task-based efficiency metrics
http://arxiv.org/abs/1907.02057v1,2019-07-03,0,Benchmarking Model-Based Reinforcement Learning
http://arxiv.org/abs/1907.02056v1,2019-07-03,0,Variance Reduction for Matrix Games
http://arxiv.org/abs/1907.02055v1,2019-07-03,0,Learning Landmarks from Unaligned Data using Image Translation
http://arxiv.org/abs/1907.02051v1,2019-07-03,0,Spatially-Coupled Neural Network Architectures
http://arxiv.org/abs/1907.02050v1,2019-07-03,0,Reasoning and Generalization in RL: A Tool Use Perspective
http://arxiv.org/abs/1907.02046v1,2019-07-03,0,Deep neural network-based classification model for Sentiment Analysis
http://arxiv.org/abs/1907.02044v1,2019-07-03,0,Minimally distorted Adversarial Examples with a Fast Adaptive Boundary Attack
http://arxiv.org/abs/1907.02040v1,2019-07-03,0,Using Deep Learning to Count Albatrosses from Space
http://arxiv.org/abs/1907.02022v1,2019-07-03,0,Chasing Ghosts: Instruction Following as Bayesian State Tracking
http://arxiv.org/abs/1907.02797v1,2019-07-03,0,Predicting e-commerce customer conversion from minimal temporal patterns on symbolized clickstream trajectories
http://arxiv.org/abs/1907.02015v1,2019-07-03,0,libconform v0.1.0: a Python library for conformal prediction
http://arxiv.org/abs/1907.02003v1,2019-07-03,0,Anatomically Consistent Segmentation of Organs at Risk in MRI with Convolutional Neural Networks
http://arxiv.org/abs/1907.01996v1,2019-07-03,0,Robust Synthesis of Adversarial Visual Examples Using a Deep Image Prior
http://arxiv.org/abs/1907.02211v1,2019-07-03,0,Optimal Decision Trees for the Algorithm Selection Problem: Integer Programming Based Approaches
http://arxiv.org/abs/1907.01995v1,2019-07-03,0,On a Randomized Multi-Block ADMM for Solving Selected Machine Learning Problems
http://arxiv.org/abs/1907.01992v1,2019-07-03,0,Learning with Known Operators reduces Maximum Training Error Bounds
http://arxiv.org/abs/1907.01991v1,2019-07-03,0,Circuit-Based Intrinsic Methods to Detect Overfitting
http://arxiv.org/abs/1907.01989v1,2019-07-03,0,On-Device Neural Net Inference with Mobile GPUs
http://arxiv.org/abs/1907.02549v1,2019-07-03,0,Measuring the Data Efficiency of Deep Learning Methods
http://arxiv.org/abs/1907.02519v1,2019-07-03,0,Neuron ranking -- an informed way to condense convolutional neural networks architecture
http://arxiv.org/abs/1907.03010v1,2019-07-03,0,Financial Time Series Data Processing for Machine Learning
http://arxiv.org/abs/1907.01974v1,2019-07-03,0,"Spectral Overlap and a Comparison of Parameter-Free, Dimensionality Reduction Quality Metrics"
http://arxiv.org/abs/1907.02431v1,2019-07-03,0,From voxels to pixels and back: Self-supervision in natural-image reconstruction from fMRI
http://arxiv.org/abs/1907.01959v1,2019-07-03,0,An Enhanced Ad Event-Prediction Method Based on Feature Engineering
http://arxiv.org/abs/1907.01949v1,2019-07-03,0,Supervised Uncertainty Quantification for Segmentation with Multiple Annotations
http://arxiv.org/abs/1907.02584v1,2019-07-03,0,Interpretable Counterfactual Explanations Guided by Prototypes
http://arxiv.org/abs/1907.01922v1,2019-07-03,0,Probabilistic Multilayer Regularization Network for Unsupervised 3D Brain Image Registration
http://arxiv.org/abs/1907.01901v1,2019-07-03,0,High-Throughput Machine Learning from Electronic Health Records
http://arxiv.org/abs/1907.01894v1,2019-07-03,0,A Bayesian Hierarchical Model for Criminal Investigations
http://arxiv.org/abs/1907.01882v1,2019-07-03,0,An Experimental Evaluation of Large Scale GBDT Systems
http://arxiv.org/abs/1907.01879v1,2019-07-03,0,Learning to Predict Robot Keypoints Using Artificially Generated Images
http://arxiv.org/abs/1907.01870v1,2019-07-03,0,Robust Cochlear Modiolar Axis Detection in CT
http://arxiv.org/abs/1907.01869v1,2019-07-03,0,Simple vs complex temporal recurrences for video saliency prediction
http://arxiv.org/abs/1907.01867v1,2019-07-03,0,Unscented Gaussian Process Latent Variable Model: learning from uncertain inputs with intractable kernels
http://arxiv.org/abs/1907.01860v1,2019-07-03,0,Encoding high-cardinality string categorical variables
http://arxiv.org/abs/1907.02822v1,2019-07-03,0,Deep Personalized Re-targeting
http://arxiv.org/abs/1907.02596v1,2019-07-03,0,QuPWM: Feature Extraction Method for MEG Epileptic Spike Detection
http://arxiv.org/abs/1907.01849v1,2019-07-03,0,Distributed Learning in Non-Convex Environments -- Part II: Polynomial Escape from Saddle-Points
http://arxiv.org/abs/1907.01847v1,2019-07-03,0,Deformable Tube Network for Action Detection in Videos
http://arxiv.org/abs/1907.01845v1,2019-07-03,0,FairNAS: Rethinking Evaluation Fairness of Weight Sharing Neural Architecture Search
http://arxiv.org/abs/1907.01841v1,2019-07-03,0,Semi-supervised Image Attribute Editing using Generative Adversarial Networks
http://arxiv.org/abs/1907.01839v1,2019-07-03,0,Intrinsic Calibration of Depth Cameras for Mobile Robots using a Radial Laser Scanner
http://arxiv.org/abs/1907.01824v1,2019-07-03,0,Cover Detection using Dominant Melody Embeddings
http://arxiv.org/abs/1907.01821v1,2019-07-03,0,Super-Resolution of PROBA-V Images Using Convolutional Neural Networks
http://arxiv.org/abs/1907.01813v1,2019-07-03,0,A Case Study of Deep-Learned Activations via Hand-Crafted Audio Features
http://arxiv.org/abs/1907.01806v1,2019-07-03,0,Tracking system of Mine Patrol Robot for Low Illumination Environment
http://arxiv.org/abs/1907.02821v1,2019-07-03,0,Benchmarking unsupervised near-duplicate image detection
http://arxiv.org/abs/1907.01803v1,2019-07-03,0,The Receptive Field as a Regularizer in Deep Convolutional Neural Networks for Acoustic Scene Classification
http://arxiv.org/abs/1907.01791v1,2019-07-03,0,"Multi-Task Networks With Universe, Group, and Task Feature Learning"
http://arxiv.org/abs/1907.02786v1,2019-07-03,0,Sequence to Sequence with Attention for Influenza Prevalence Prediction using Google Trends
http://arxiv.org/abs/1907.01773v1,2019-07-03,0,Accelerating Deconvolution on Unmodified CNN Accelerators for Generative Adversarial Networks -- A Software Approach
http://arxiv.org/abs/1907.01771v1,2019-07-03,0,Globally Convergent Newton Methods for Ill-conditioned Generalized Self-concordant Losses
http://arxiv.org/abs/1907.01759v1,2019-07-03,0,Calibration of fisheye camera using entrance pupil
http://arxiv.org/abs/1907.01755v1,2019-07-03,0,Gathering Cyber Threat Intelligence from Twitter Using Novelty Classification
http://arxiv.org/abs/1907.01752v1,2019-07-03,0,On the Weaknesses of Reinforcement Learning for Neural Machine Translation
http://arxiv.org/abs/1907.01749v1,2019-07-03,0,Polyphone Disambiguation for Mandarin Chinese Using Conditional Neural Network with Multi-level Embedding Features
http://arxiv.org/abs/1907.01744v1,2019-07-03,0,Region-Manipulated Fusion Networks for Pancreatitis Recognition
http://arxiv.org/abs/1907.01743v1,2019-07-03,0,Deep Attentive Features for Prostate Segmentation in 3D Transrectal Ultrasound
http://arxiv.org/abs/1907.01742v1,2019-07-03,0,Supervised Classifiers for Audio Impairments with Noisy Labels
http://arxiv.org/abs/1907.01739v1,2019-07-03,0,Solving Partial Assignment Problems using Random Clique Complexes
http://arxiv.org/abs/1907.01734v1,2019-07-03,0,AMI-Net+: A Novel Multi-Instance Neural Network for Medical Diagnosis from Incomplete and Imbalanced Data
http://arxiv.org/abs/1907.02647v1,2019-07-03,0,Generalized Principal Component Analysis
http://arxiv.org/abs/1907.01728v1,2019-07-03,0,Quickly Finding the Best Linear Model in High Dimensions
http://arxiv.org/abs/1907.01723v1,2019-07-03,0,Towards Interpretable Deep Extreme Multi-label Learning
http://arxiv.org/abs/1907.01717v1,2019-07-03,0,Unsupervised Anomalous Trajectory Detection for Crowded Scenes
http://arxiv.org/abs/1907.01714v1,2019-07-03,0,A Deep Image Compression Framework for Face Recognition
http://arxiv.org/abs/1907.01710v1,2019-07-03,0,Mask Embedding in conditional GAN for Guided Synthesis of High Resolution Images
http://arxiv.org/abs/1907.01709v1,2019-07-03,0,Compositional Structure Learning for Sequential Video Data
http://arxiv.org/abs/1907.01705v1,2019-07-03,0,Graph Embeddings at Scale
http://arxiv.org/abs/1907.01703v1,2019-07-03,0,Don't take it lightly: Phasing optical random projections with unknown operators
http://arxiv.org/abs/1907.01702v1,2019-07-03,0,Time Series Anomaly Detection with Variational Autoencoders
http://arxiv.org/abs/1907.01698v1,2019-07-03,0,HyperNOMAD: Hyperparameter optimization of deep neural networks using mesh adaptive direct search
http://arxiv.org/abs/1907.01696v1,2019-07-03,0,A Semi-Supervised Framework for Automatic Pixel-Wise Breast Cancer Grading of Histological Images
http://arxiv.org/abs/1907.01693v1,2019-07-03,0,Canonical Correlation Analysis (CCA) Based Multi-View Learning: An Overview
http://arxiv.org/abs/1907.01683v1,2019-07-02,0,SkeletonNet: Shape Pixel to Skeleton Pixel
http://arxiv.org/abs/1907.02586v1,2019-07-02,0,Structure fusion based on graph convolutional networks for semi-supervised classification
http://arxiv.org/abs/1907.01678v1,2019-07-02,0,The Role of Memory in Stochastic Optimization
http://arxiv.org/abs/1907.01677v1,2019-07-02,0,Scalable Multi Corpora Neural Language Models for ASR
http://arxiv.org/abs/1907.01674v1,2019-07-02,0,Machine Learning based Prediction of Hierarchical Classification of Transposable Elements
http://arxiv.org/abs/1907.02065v1,2019-07-02,0,Neural Image Captioning
http://arxiv.org/abs/1907.01671v1,2019-07-02,0,Quantifying Algorithmic Biases over Time
http://arxiv.org/abs/1907.01662v1,2019-07-02,0,Learning graph-structured data using Poincaré embeddings and Riemannian K-means algorithms
http://arxiv.org/abs/1907.01661v1,2019-07-02,0,Graph Neural Network for Interpreting Task-fMRI Biomarkers
http://arxiv.org/abs/1907.01660v1,2019-07-02,0,A flexible EM-like clustering algorithm for noisy data
http://arxiv.org/abs/1907.01657v1,2019-07-02,0,Dynamics-Aware Unsupervised Discovery of Skills
http://arxiv.org/abs/1907.01656v1,2019-07-02,0,Automated Detection and Type Classification of Central Venous Catheters in Chest X-Rays
http://arxiv.org/abs/1907.01654v1,2019-07-02,0,Adjustment Criteria for Recovering Causal Effects from Missing Data
http://arxiv.org/abs/1907.01651v1,2019-07-02,0,Selecting the independent coordinates of manifolds with large aspect ratios
http://arxiv.org/abs/1907.01650v1,2019-07-02,0,MimosaNet: An Unrobust Neural Network Preventing Model Stealing
http://arxiv.org/abs/1907.01649v1,2019-07-02,0,Estimation of Absolute States of Human Skeletal Muscle via Standard B-Mode Ultrasound Imaging and Deep Convolutional Neural Networks
http://arxiv.org/abs/1907.01632v1,2019-07-02,0,Generative Models for Automatic Chemical Design
http://arxiv.org/abs/1907.01619v1,2019-07-02,0,Learning from satisfying assignments under continuous distributions
http://arxiv.org/abs/1907.01615v1,2019-07-02,0,E-Sports Talent Scouting Based on Multimodal Twitch Stream Data
http://arxiv.org/abs/1907.01589v1,2019-07-02,0,"Hyper-Molecules: on the Representation and Recovery of Dynamical Structures, with Application to Flexible Macro-Molecular Structures in Cryo-EM"
http://arxiv.org/abs/1907.01586v1,2019-07-02,0,Protecting Privacy of Users in Brain-Computer Interface Applications
http://arxiv.org/abs/1907.01543v1,2019-07-02,0,Efficient Algorithms for Smooth Minimax Optimization
http://arxiv.org/abs/1907.01507v1,2019-07-02,0,Best k-layer neural network approximations
http://arxiv.org/abs/1907.01497v1,2019-07-02,0,Seismic data denoising and deblending using deep learning
http://arxiv.org/abs/1907.01929v1,2019-07-02,0,Rethinking Continual Learning for Autonomous Agents and Robots
http://arxiv.org/abs/1907.01490v1,2019-07-02,0,An innovative adaptive kriging approach for efficient binary classification of mechanical problems
http://arxiv.org/abs/1907.01481v1,2019-07-02,0,"HO-3D: A Multi-User, Multi-Object Dataset for Joint 3D Hand-Object Pose Estimation"
http://arxiv.org/abs/1907.01478v1,2019-07-02,0,Obj-GloVe: Scene-Based Contextual Object Embedding
http://arxiv.org/abs/1907.01475v1,2019-07-02,0,Generalizing from a few environments in safety-critical reinforcement learning
http://arxiv.org/abs/1907.01470v1,2019-07-02,0,Augmenting Self-attention with Persistent Memory
http://arxiv.org/abs/1907.01463v1,2019-07-02,0,Reproducibility in Machine Learning for Health
http://arxiv.org/abs/1907.01452v1,2019-07-02,0,Attribute-Driven Spontaneous Motion in Unpaired Image Translation
http://arxiv.org/abs/1907.01439v1,2019-07-02,0,Operationalizing Individual Fairness with Pairwise Fair Representations
http://arxiv.org/abs/1907.01433v1,2019-07-02,0,Tight Sensitivity Bounds For Smaller Coresets
http://arxiv.org/abs/1907.01432v1,2019-07-02,0,An End-to-End Neural Network for Image Cropping by Learning Composition from Aesthetic Photos
http://arxiv.org/abs/1907.01430v1,2019-07-02,0,Where are the Masks: Instance Segmentation with Image-level Supervision
http://arxiv.org/abs/1907.01427v1,2019-07-02,0,Improving Borderline Adulthood Facial Age Estimation through Ensemble Learning
http://arxiv.org/abs/1907.01424v1,2019-07-02,0,Landmark Assisted CycleGAN for Cartoon Face Generation
http://arxiv.org/abs/1907.01421v1,2019-07-02,0,Methodology for the Automated Metadata-Based Classification of Incriminating Digital Forensic Artefacts
http://arxiv.org/abs/1907.01414v1,2019-07-02,0,A Closest Point Proposal for MCMC-based Probabilistic Surface Registration
http://arxiv.org/abs/1907.01405v1,2019-07-02,0,Analysis of the Synergy between Modularity and Autonomy in an Artificial Intelligence Based Fleet Competition
http://arxiv.org/abs/1907.01399v1,2019-07-02,0,A Single Video Super-Resolution GAN for Multiple Downsampling Operators based on Pseudo-Inverse Image Formation Models
http://arxiv.org/abs/1907.01390v1,2019-07-02,0,CSSegNet: Fine-Grained Cardiac Structures Segmentation Using Dilated Pyramid Pooling in U-net
http://arxiv.org/abs/1907.02942v1,2019-07-02,0,Deep Convolutional Compression for Massive MIMO CSI Feedback
http://arxiv.org/abs/1907.01385v1,2019-07-02,0,Voting-Based Multi-Agent Reinforcement Learning
http://arxiv.org/abs/1907.01377v1,2019-07-02,0,Training Auto-encoder-based Optimizers for Terahertz Image Reconstruction
http://arxiv.org/abs/1907.01368v1,2019-07-02,0,Pathologist-Level Grading of Prostate Biopsies with Artificial Intelligence
http://arxiv.org/abs/1907.01343v1,2019-07-02,0,Domain Adaptation via Low-Rank Basis Approximation
http://arxiv.org/abs/1907.01342v1,2019-07-02,0,The Ethical Dilemma when (not) Setting up Cost-based Decision Rules in Semantic Segmentation
http://arxiv.org/abs/1907.01341v1,2019-07-02,0,Towards Robust Monocular Depth Estimation: Mixing Datasets for Zero-Shot Cross-Dataset Transfer
http://arxiv.org/abs/1907.01339v1,2019-07-02,0,Sequence Labeling Parsing by Learning Across Representations
http://arxiv.org/abs/1907.01332v1,2019-07-02,0,Applying Transfer Learning To Deep Learned Models For EEG Analysis
http://arxiv.org/abs/1907.01329v1,2019-07-02,0,Mixed-Variable Bayesian Optimization
http://arxiv.org/abs/1907.01328v1,2019-07-02,0,Knowledge Graph Embedding for Ecotoxicological Effect Prediction
http://arxiv.org/abs/1907.01913v1,2019-07-02,0,3D Cardiac Shape Prediction with Deep Neural Networks: Simultaneous Use of Images and Patient Metadata
http://arxiv.org/abs/1907.01319v1,2019-07-02,0,Unsupervised Deformable Image Registration Using Cycle-Consistent CNN
http://arxiv.org/abs/1907.01307v1,2019-07-02,0,Brno Mobile OCR Dataset
http://arxiv.org/abs/1907.01301v1,2019-07-02,0,An Integrated Image Filter for Enhancing Change Detection Results
http://arxiv.org/abs/1907.01298v1,2019-07-02,0,Modified Actor-Critics
http://arxiv.org/abs/1907.01296v1,2019-07-02,0,Dynamic Face Video Segmentation via Reinforcement Learning
http://arxiv.org/abs/1907.01294v1,2019-07-02,0,Lane Detection and Classification using Cascaded CNNs
http://arxiv.org/abs/1907.01288v1,2019-07-02,0,Simple 1-D Convolutional Networks for Resting-State fMRI Based Classification in Autism
http://arxiv.org/abs/1907.01287v1,2019-07-02,0,Bandit Learning Through Biased Maximum Likelihood Estimation
http://arxiv.org/abs/1907.01285v1,2019-07-02,0,Learning the Arrow of Time
http://arxiv.org/abs/1907.01914v1,2019-07-02,0,Attention model for articulatory features detection
http://arxiv.org/abs/1907.01284v1,2019-07-02,0,Semi-Bagging Based Deep Neural Architecture to Extract Text from High Entropy Images
http://arxiv.org/abs/1907.01277v1,2019-07-02,0,Conditioned-U-Net: Introducing a Control Mechanism in the U-Net for Multiple Source Separations
http://arxiv.org/abs/1907.01273v1,2019-07-02,0,An Analysis of Deep Neural Networks with Attention for Action Recognition from a Neurophysiological Perspective
http://arxiv.org/abs/1907.01953v1,2019-07-02,0,Deep Transfer Learning For Whole-Brain fMRI Analyses
http://arxiv.org/abs/1907.01256v1,2019-07-02,0,A Neural Grammatical Error Correction System Built On Better Pre-training and Sequential Transfer Learning
http://arxiv.org/abs/1907.01253v1,2019-07-02,0,FRODO: Free rejection of out-of-distribution samples: application to chest x-ray analysis
http://arxiv.org/abs/1907.01227v1,2019-07-02,0,TedEval: A Fair Evaluation Metric for Scene Text Detectors
http://arxiv.org/abs/1907.01221v1,2019-07-02,0,Visual analytics for team-based invasion sports with significant events and Markov reward process
http://arxiv.org/abs/1907.01216v1,2019-07-02,0,Efficient Cyber Attacks Detection in Industrial Control Systems Using Lightweight Neural Networks
http://arxiv.org/abs/1907.01195v1,2019-07-02,0,Kite: Automatic speech recognition for unmanned aerial vehicles
http://arxiv.org/abs/1907.01193v1,2019-07-02,0,Inverse Attention Guided Deep Crowd Counting Network
http://arxiv.org/abs/1907.01187v1,2019-07-02,0,Generative Guiding Block: Synthesizing Realistic Looking Variants Capable of Even Large Change Demands
http://arxiv.org/abs/1907.01184v1,2019-07-02,0,Gaussian Mixture Marginal Distributions for Modelling Remaining Pipe Wall Thickness of Critical Water Mains in Non-Destructive Evaluation
http://arxiv.org/abs/1907.01180v1,2019-07-02,0,Conservative Q-Improvement: Reinforcement Learning for an Interpretable Decision-Tree Policy
http://arxiv.org/abs/1907.01176v1,2019-07-02,0,Multi-Cue Vehicle Detection for Semantic Video Compression In Georegistered Aerial Videos
http://arxiv.org/abs/1907.01172v1,2019-07-02,0,Procedure Planning in Instructional Videos
http://arxiv.org/abs/1907.01164v1,2019-07-02,0,Learning to Traverse Latent Spaces for Musical Score Inpainting
http://arxiv.org/abs/1907.01162v1,2019-07-02,0,Sample Adaptive Multiple Kernel Learning for Failure Prediction of Railway Points
http://arxiv.org/abs/1907.01160v1,2019-07-02,0,WHAM!: Extending Speech Separation to Noisy Environments
http://arxiv.org/abs/1907.01150v1,2019-07-02,0,Multi-scale Template Matching with Scalable Diversity Similarity in an Unconstrained Environment
http://arxiv.org/abs/1907.01149v1,2019-07-02,0,Hyperspectral Super-Resolution via Global-Local Low-Rank Matrix Estimation
http://arxiv.org/abs/1907.01144v1,2019-07-02,0,Disentangled Makeup Transfer with Generative Adversarial Network
http://arxiv.org/abs/1907.01141v1,2019-07-02,0,High-speed Railway Fastener Detection and Localization System
http://arxiv.org/abs/1907.01136v1,2019-07-02,0,Using Subset Log-Likelihoods to Trim Outliers in Gaussian Mixture Models
http://arxiv.org/abs/1907.01132v1,2019-07-02,0,Astraea: Self-balancing Federated Learning for Improving Classification Accuracy of Mobile Deep Learning Applications
http://arxiv.org/abs/1907.01131v1,2019-07-02,0,Learnable Gated Temporal Shift Module for Deep Video Inpainting
http://arxiv.org/abs/1907.01127v1,2019-07-02,0,Approximate Sherali-Adams Relaxations for MAP Inference via Entropy Regularization
http://arxiv.org/abs/1907.01552v1,2019-07-02,0,Forecasting high-dimensional dynamics exploiting suboptimal embeddings
http://arxiv.org/abs/1907.01121v1,2019-07-02,0,An Iteratively Re-weighted Method for Problems with Sparsity-Inducing Norms
http://arxiv.org/abs/1907.01551v1,2019-07-02,0,Adaptive particle-based approximations of the Gibbs posterior for inverse problems
http://arxiv.org/abs/1907.01113v1,2019-07-02,0,Robust Tensor Completion Using Transformed Tensor SVD
http://arxiv.org/abs/1907.01108v1,2019-07-02,0,Language2Pose: Natural Language Grounded Pose Forecasting
http://arxiv.org/abs/1907.01104v1,2019-07-02,0,Isolation Kernel: The X Factor in Efficient and Effective Large Scale Online Kernel Learning
http://arxiv.org/abs/1907.01099v1,2019-07-01,0,Predicting Treatment Initiation from Clinical Time Series Data via Graph-Augmented Time-Sensitive Model
http://arxiv.org/abs/1907.01098v1,2019-07-01,0,"Representation, Exploration and Recommendation of Music Playlists"
http://arxiv.org/abs/1907.01898v1,2019-07-01,0,Cryo-EM reconstruction of continuous heterogeneity by Laplacian spectral volumes
http://arxiv.org/abs/1907.01086v1,2019-07-01,0,A Semi-Supervised Self-Organizing Map with Adaptive Local Thresholds
http://arxiv.org/abs/1907.01085v1,2019-07-01,0,Multiview Aggregation for Learning Category-Specific Shape Reconstruction
http://arxiv.org/abs/1907.01070v1,2019-07-01,0,A Semi-Supervised Self-Organizing Map for Clustering and Classification
http://arxiv.org/abs/1907.01068v1,2019-07-01,0,Augmenting and Tuning Knowledge Graph Embeddings
http://arxiv.org/abs/1907.01062v1,2019-07-01,0,DeepTEGINN: Deep Learning Based Tools to Extract Graphs from Images of Neural Networks
http://arxiv.org/abs/1907.01058v1,2019-07-01,0,Associative Embedding for Game-Agnostic Team Discrimination
http://arxiv.org/abs/1907.01055v1,2019-07-01,0,Is artificial data useful for biomedical Natural Language Processing
http://arxiv.org/abs/1907.01051v1,2019-07-01,0,ML-based Fault Injection for Autonomous Vehicles: A Case for Bayesian Fault Injection
http://arxiv.org/abs/1907.01041v1,2019-07-01,0,Natural Language Understanding with the Quora Question Pairs Dataset
http://arxiv.org/abs/1907.01040v1,2019-07-01,0,The Sensitivity of Counterfactual Fairness to Unmeasured Confounding
http://arxiv.org/abs/1907.01030v1,2019-07-01,0,LSTM Language Models for LVCSR in First-Pass Decoding and Lattice-Rescoring
http://arxiv.org/abs/1907.01023v1,2019-07-01,0,Diminishing the Effect of Adversarial Perturbations via Refining Feature Representation
http://arxiv.org/abs/1907.01022v1,2019-07-01,0,Rare Disease Detection by Sequence Modeling with Generative Adversarial Networks
http://arxiv.org/abs/1907.01011v1,2019-07-01,0,Learning Representations from Imperfect Time Series Data via Tensor Rank Regularization
http://arxiv.org/abs/1907.01549v1,2019-07-01,0,Learning to Rank Broad and Narrow Queries in E-Commerce
http://arxiv.org/abs/1907.01004v1,2019-07-01,0,Symmetry Detection and Classification in Drawings of Graphs
http://arxiv.org/abs/1907.01003v1,2019-07-01,0,"Accurate, reliable and fast robustness evaluation"
http://arxiv.org/abs/1907.00973v1,2019-07-01,0,Neural parameters estimation for brain tumor growth modeling
http://arxiv.org/abs/1907.00960v1,2019-07-01,0,Going Deeper with Point Networks
http://arxiv.org/abs/1907.00959v1,2019-07-01,0,Single-Path Mobile AutoML: Efficient ConvNet Design and NAS Hyperparameter Optimization
http://arxiv.org/abs/1907.01643v1,2019-07-01,0,Pentagon at MEDIQA 2019: Multi-task Learning for Filtering and Re-ranking Answers using Language Inference and Question Entailment
http://arxiv.org/abs/1907.01406v1,2019-07-01,0,Bayesian Optimization on Large Graphs via a Graph Convolutional Generative Model: Application in Cardiac Model Personalization
http://arxiv.org/abs/1907.00953v1,2019-07-01,0,Stochastic Latent Actor-Critic: Deep Reinforcement Learning with a Latent Variable Model
http://arxiv.org/abs/1907.00945v1,2019-07-01,0,ICDAR2019 Robust Reading Challenge on Multi-lingual Scene Text Detection and Recognition -- RRC-MLT-2019
http://arxiv.org/abs/1907.00943v1,2019-07-01,0,Estimating brain age based on a healthy population with deep learning and structural MRI
http://arxiv.org/abs/1907.00939v1,2019-07-01,0,Pano Popups: Indoor 3D Reconstruction with a Plane-Aware Network
http://arxiv.org/abs/1907.00932v1,2019-07-01,0,A Framework For Identifying Group Behavior Of Wild Animals
http://arxiv.org/abs/1907.00927v1,2019-07-01,0,A Unified Approach to Robust Mean Estimation
http://arxiv.org/abs/1907.01102v1,2019-07-01,0,Nature Inspired Dimensional Reduction Technique for Fast and Invariant Visual Feature Extraction
http://arxiv.org/abs/1907.00921v1,2019-07-01,0,Active Learning within Constrained Environments through Imitation of an Expert Questioner
http://arxiv.org/abs/1907.00909v1,2019-07-01,0,An Open Source AutoML Benchmark
http://arxiv.org/abs/1907.00895v1,2019-07-01,0,"Comment on ""Adv-BNN: Improved Adversarial Defense through Robust Bayesian Neural Network"""
http://arxiv.org/abs/1907.00887v1,2019-07-01,0,An Efficient Solution for Breast Tumor Segmentation and Classification in Ultrasound Images Using Deep Adversarial Learning
http://arxiv.org/abs/1907.00884v1,2019-07-01,0,On mechanisms for transfer using landmark value functions in multi-task lifelong reinforcement learning
http://arxiv.org/abs/1907.00880v1,2019-07-01,0,The Constrained $L_p$-$L_q$ Basis Pursuit Denoising Problem
http://arxiv.org/abs/1907.00878v1,2019-07-01,0,Neural Logic Rule Layers
http://arxiv.org/abs/1907.00874v1,2019-07-01,0,System Misuse Detection via Informed Behavior Clustering and Modeling
http://arxiv.org/abs/1907.00873v1,2019-07-01,0,Compression of Acoustic Event Detection Models With Quantized Distillation
http://arxiv.org/abs/1907.00868v1,2019-07-01,0,MULEX: Disentangling Exploitation from Exploration in Deep RL
http://arxiv.org/abs/1907.00865v1,2019-07-01,0,Radial Bayesian Neural Networks: Robust Variational Inference In Big Models
http://arxiv.org/abs/1907.00856v1,2019-07-01,0,MobileGAN: Skin Lesion Segmentation Using a Lightweight Generative Adversarial Network
http://arxiv.org/abs/1907.01409v1,2019-07-01,0,Comparison of Lattice-Free and Lattice-Based Sequence Discriminative Training Criteria for LVCSR
http://arxiv.org/abs/1907.00837v1,2019-07-01,0,XNect: Real-time Multi-person 3D Human Pose Estimation with a Single RGB Camera
http://arxiv.org/abs/1907.00835v1,2019-07-01,0,UltraSuite: A Repository of Ultrasound and Acoustic Data from Child Speech Therapy Sessions
http://arxiv.org/abs/1907.00971v1,2019-07-01,0,Universal audio synthesizer control with normalizing flows
http://arxiv.org/abs/1907.00832v1,2019-07-01,0,iPool -- Information-based Pooling in Hierarchical Graph Neural Networks
http://arxiv.org/abs/1907.00831v1,2019-07-01,0,Online Multiple Pedestrian Tracking using Deep Temporal Appearance Matching Association
http://arxiv.org/abs/1907.00825v1,2019-07-01,0,Time-to-Event Prediction with Neural Networks and Cox Regression
http://arxiv.org/abs/1907.00824v1,2019-07-01,0,Designing Deep Reinforcement Learning for Human Parameter Exploration
http://arxiv.org/abs/1907.00821v1,2019-07-01,0,Equation Discovery for Nonlinear System Identification
http://arxiv.org/abs/1907.00820v1,2019-07-01,0,Understanding Memory Modules on Learning Simple Algorithms
http://arxiv.org/abs/1907.01372v1,2019-07-01,0,Improving Performance of End-to-End ASR on Numeric Sequences
http://arxiv.org/abs/1907.00813v1,2019-07-01,0,Exponential Separations in Local Differential Privacy Through Communication Complexity
http://arxiv.org/abs/1907.00811v1,2019-07-01,0,Location Anomalies Detection for Connected and Autonomous Vehicles
http://arxiv.org/abs/1907.00806v1,2019-07-01,0,A data-driven approach for multiscale elliptic PDEs with random coefficients based on intrinsic dimension reduction
http://arxiv.org/abs/1907.01361v1,2019-07-01,0,FastDVDnet: Towards Real-Time Video Denoising Without Explicit Motion Estimation
http://arxiv.org/abs/1907.00783v1,2019-07-01,0,Exploiting Relevance for Online Decision-Making in High-Dimensions
http://arxiv.org/abs/1907.00772v1,2019-07-01,0,Analysis by Adversarial Synthesis -- A Novel Approach for Speech Vocoding
http://arxiv.org/abs/1907.00762v1,2019-07-01,0,Open Problem: The Oracle Complexity of Convex Optimization with Limited Memory
http://arxiv.org/abs/1907.00758v1,2019-07-01,0,Synchronising audio and ultrasound by learning cross-modal embeddings
http://arxiv.org/abs/1907.00734v1,2019-07-01,0,Learning Objectness from Sonar Images for Class-Independent Object Detection
http://arxiv.org/abs/1907.00697v1,2019-07-01,0,The Trustworthy Pal: Controlling the False Discovery Rate in Boolean Matrix Factorization
http://arxiv.org/abs/1907.00695v1,2019-07-01,0,Automated Image Registration Quality Assessment Utilizing Deep-learning based Ventricle Extraction in Clinical Data
http://arxiv.org/abs/1907.00686v1,2019-07-01,0,Sparse regular variation
http://arxiv.org/abs/1907.00680v1,2019-07-01,0,The SpectACl of Nonconvex Clustering: A Spectral Approach to Density-Based Clustering
http://arxiv.org/abs/1907.00678v1,2019-07-01,0,Two-stage Optimization for Machine Learning Workflow
http://arxiv.org/abs/1907.01413v1,2019-07-01,0,Speaker-independent classification of phonetic segments from raw ultrasound in child speech
http://arxiv.org/abs/1907.00664v1,2019-07-01,0,Learning World Graphs to Accelerate Hierarchical Reinforcement Learning
http://arxiv.org/abs/1907.00662v1,2019-07-01,0,Short-term prediction of Electricity Outages Caused by Convective Storms
http://arxiv.org/abs/1907.00661v1,2019-07-01,0,The Resale Price Prediction of Secondhand Jewelry Items Using a Multi-modal Deep Model with Iterative Co-Attention
http://arxiv.org/abs/1907.00652v1,2019-07-01,0,"Avoiding Implementation Pitfalls of ""Matrix Capsules with EM Routing"" by Hinton et al"
http://arxiv.org/abs/1907.00651v1,2019-07-01,0,Self-supervised Hyperspectral Image Restoration using Separable Image Prior
http://arxiv.org/abs/1907.00650v1,2019-07-01,0,Neural Dynamics Discovery via Gaussian Process Recurrent Neural Networks
http://arxiv.org/abs/1907.00641v1,2019-07-01,0,Permutohedral Attention Module for Efficient Non-Local Neural Networks
http://arxiv.org/abs/1907.00624v1,2019-07-01,0,Using Deep Learning to Predict Plant Growth and Yield in Greenhouse Environments
http://arxiv.org/abs/1907.00618v1,2019-07-01,0,CDTB: A Color and Depth Visual Object Tracking Dataset and Benchmark
http://arxiv.org/abs/1907.00612v1,2019-07-01,0,One Network for Multi-Domains: Domain Adaptive Hashing with Intersectant Generative Adversarial Network
http://arxiv.org/abs/1907.00593v1,2019-07-01,0,Weight Normalization based Quantization for Deep Neural Network Compression
http://arxiv.org/abs/1907.00586v1,2019-07-01,0,A Kernel Stein Test for Comparing Latent Variable Models
http://arxiv.org/abs/1907.00560v1,2019-07-01,0,On Symmetry and Initialization for Neural Networks
http://arxiv.org/abs/1907.00559v1,2019-07-01,0,Learning to Approximate Directional Fields Defined over 2D Planes
http://arxiv.org/abs/1907.00558v1,2019-07-01,0,Improved Forecasting of Cryptocurrency Price using Social Signals
http://arxiv.org/abs/1907.00549v1,2019-07-01,0,Spatio-thermal depth correction of RGB-D sensors based on Gaussian Processes in real-time
http://arxiv.org/abs/1907.00544v1,2019-07-01,0,Unsupervised Adversarial Graph Alignment with Graph Embedding
http://arxiv.org/abs/1907.00542v1,2019-07-01,0,Cosine similarity-based adversarial process
http://arxiv.org/abs/1907.00534v1,2019-07-01,0,Large Area 3D Human Pose Detection Via Stereo Reconstruction in Panoramic Cameras
http://arxiv.org/abs/1907.00533v1,2019-07-01,0,Learning to Link
http://arxiv.org/abs/1907.01647v1,2019-07-01,0,Bandit Learning for Diversified Interactive Recommendation
http://arxiv.org/abs/1907.03532v1,2019-07-01,0,DeepAcid: Classification of macromolecule type based on sequences of amino acids
http://arxiv.org/abs/1907.00528v1,2019-07-01,0,Cross-view Relation Networks for Mammogram Mass Detection
http://arxiv.org/abs/1907.00526v1,2019-07-01,0,FiDi-RL: Incorporating Deep Reinforcement Learning with Finite-Difference Policy Search for Efficient Learning of Continuous Control
http://arxiv.org/abs/1907.00516v1,2019-07-01,0,Learning to Blindly Assess Image Quality in the Laboratory and Wild
http://arxiv.org/abs/1907.00503v1,2019-07-01,0,Modeling Tabular data using Conditional GAN
http://arxiv.org/abs/1907.02052v1,2019-07-01,0,Patent Claim Generation by Fine-Tuning OpenAI GPT-2
